rank,uri,artist_names,track_name,source,peak_rank,previous_rank,weeks_on_chart,streams
1,"spotify:track:0yLdNVWF3Srea0uzk55zFn","Miley Cyrus","Flowers","Columbia",1,1,5,"408753"
2,"spotify:track:6eNRGL6Nkdg7RhJtmbcl0j","Mc Tato, DJ Ak beats","Luz do Luar","RF PRODUTORA",2,5,8,"306034"
3,"spotify:track:5BGdBH8MsaHCgfr4TMpRin","Bárbara Bandeira, Ivandro","Como Tu (feat. Ivandro)","WM Spain",1,3,23,"300472"
4,"spotify:track:4nrPB8O7Y7wsOCJdgXkthe","Bizarrap, Shakira","Shakira: Bzrp Music Sessions, Vol. 53","DALE PLAY Records",2,2,5,"281069"
5,"spotify:track:1jHgfC8T5KxUyC5Ldw6lk9","Leo Santana","Zona De Perigo","Universal Music Ltda.",5,19,2,"270342"
6,"spotify:track:2dHHgzDwk4BJdRwy9uXhTO","Metro Boomin, The Weeknd, 21 Savage","Creepin' (with The Weeknd & 21 Savage)","Republic Records",4,4,11,"269457"
7,"spotify:track:6Hio4nlyWL2WBL8nYlbuGt","MC K.K, Dj TG Beats, Dj Aurélio, MC Lipivox","Agudo Mágico 3","Authentic Records OFC",1,6,9,"268429"
8,"spotify:track:7nFvKgVumc9FcU97zGjjei","WIU","Coração de Gelo","Sony Music Entertainment",8,15,10,"246631"
9,"spotify:track:1Qrg8KqiBpW07V7PNxwwwL","SZA","Kill Bill","Top Dawg Entertainment/RCA Records",9,12,10,"241856"
10,"spotify:track:0bBwi6ddYeTv5fXgHAdfiH","MC MENOR HR, MC MENOR SG, DJ ESCOBAR","Evoque Prata","GUETTO RECORDS",1,8,16,"241472"
11,"spotify:track:2tTmW7RDtMQtBk7m2rYeSw","Bizarrap, Quevedo","Quevedo: Bzrp Music Sessions, Vol. 52","DALE PLAY Records",1,9,31,"234187"
12,"spotify:track:3hUk7wHp5Ruas0FLLVW69c","D.A.M.A, Buba Espinho","CASA","D.A.M.A",10,10,8,"231920"
13,"spotify:track:5ww2BF9slyYgNOk37BlC4u","Manuel Turizo","La Bachata","Sony Music Latin/La Industria",6,7,29,"231484"
14,"spotify:track:0oKpBxCq4U5IvUZqMuVMM3","Bárbara Tinoco","chamada não atendida","Bárbara Tinoco",9,11,21,"221523"
15,"spotify:track:0WtM2NBVQNNJLh6scP13H8","Rema, Selena Gomez","Calm Down (with Selena Gomez)","Mavin Records / Jonzing World",11,14,24,"206268"
16,"spotify:track:4Dvkj6JhhA12EX05fT7y2e","Harry Styles","As It Was","Columbia",1,18,46,"203955"
17,"spotify:track:7BELSQR2lAJLELaKvVkct3","Ivandro","Lua","Mentalidade Free Music, Unipessoal, Lda",3,16,52,"195281"
18,"spotify:track:5KX1zLcBZ5bv8iA1odyonT","Slow J","Where U @","Slow J",15,25,3,"190690"
19,"spotify:track:4mD9hjoTckjeL1CrJCx0MT","DJ Jeeh FDC, MC Menor MT, Yuri Redicopa, Mc Pelé","Puta Mexicana","PMI Records Oficial",19,27,6,"188543"
20,"spotify:track:22sAwsBH0NoNJXnrBenQuO","MC Xenon, Os Gemeos da Putaria","Sem Aliança no Dedo","DC MUSIC",20,-1,1,"186676"
21,"spotify:track:4bT4Gbs7FA4cLyZeKtlGVO","Zé Felipe","Facilita Aí","Som Livre",21,85,2,"186040"
22,"spotify:track:2orGm2E68ODFYOURjaES62","WIU, MC Ryan SP","Felina","Sony Music Entertainment",20,20,21,"185088"
23,"spotify:track:4PQ5AInr4YoBauth9YPduL","Anitta, Mc Danny, HITMAKER","Ai Papai","WM Brazil",21,21,9,"180170"
24,"spotify:track:2LBqCSwhJGcFQeTHMVGwy3","The Weeknd","Die For You","Universal Republic Records",17,17,38,"179363"
25,"spotify:track:15ERxM3x0D2HzqdhPxsbd2","T-Rex","TA TUDO BEM","We The Gang",20,26,4,"176134"
26,"spotify:track:0elz4WC9ZtAOzqP4fgt8T5","Kappa Jotta, MUN","ROSAS","KAPPA JOTTA",25,33,34,"174641"
27,"spotify:track:4qDT0BeJ7BjatrN9k8AvB4","Teto, WIU, Matuê","Flow Espacial","Sony Music Entertainment",24,24,3,"173985"
28,"spotify:track:0NZPBYD5qbEWRs3PrGiRkT","Sam Smith, Kim Petras","Unholy (feat. Kim Petras)","EMI",2,13,21,"169833"
29,"spotify:track:4uUG5RXrOk84mYEfFvj3cK","David Guetta, Bebe Rexha","I'm Good (Blue)","Parlophone UK",9,22,25,"169770"
30,"spotify:track:5WGTBzRLbjj0Sm3Br8X1rI","Mc Paiva ZS, Gabb MC, Dj Aladin GDB, Love Funk","Bandido Não Dança","Love Funk",30,36,4,"168947"
31,"spotify:track:7jtQIBanIiJOMS6RyCx6jZ","Tom Odell","Another Love","ITNO/Columbia",10,28,82,"166356"
32,"spotify:track:1ACALdBWViTpLBC14Ecv8E","MC Ryan SP, Mc Daniel, Kotim","Namora Aí","WM Brazil",32,37,10,"164019"
33,"spotify:track:5mHdCZtVyb4DcJw8799hZp","RAYE, 070 Shake","Escapism.","Human Re Sources",26,31,11,"160526"
34,"spotify:track:677ebW5G4BLaqX5Ue3itGv","Richie Campbell","Love Again","Bridgetown Records",28,32,9,"159184"
35,"spotify:track:2hkwwmmLC90T8BQ7t3xufq","Zé Felipe, Ana Castela, Luan Pereira","Roça Em Mim","Som Livre",34,34,12,"156011"
36,"spotify:track:3aml52yDe6ff32XOgZQ0Cb","Mizzy Miles, Ivandro, Piruka","I'm Sorry","Make More Music",19,41,13,"154865"
37,"spotify:track:56hVdyqQWCMYfKopnVRCwQ","T-Rex, Slow J","DIAS","We The Gang",16,23,4,"153552"
38,"spotify:track:1OZ4uv7OAP24Ix6j3vojLt","Mc Paiva ZS, MC Ryan SP, Kotim","Casei Com a Putaria","Love Funk",7,30,29,"153344"
39,"spotify:track:2K9kZpwD2CzTa6iiSYYOoO","Marília Mendonça","Leão","Som Livre",39,42,6,"147816"
40,"spotify:track:3zkyus0njMCL6phZmNNEeN","Central Cee","LET GO","Central Cee",2,35,9,"145942"
41,"spotify:track:1Jk03rMQGTjdkjNtCGgkPd","T-Rex","UUUUHH","We The Gang",12,29,4,"145750"
42,"spotify:track:52EYWdjiulHaehpexuowyh","MC Cabelinho, Cyclope Beatz, Red, meLLo","FOGO E GASOLINA","Bairro 13",42,48,8,"143654"
43,"spotify:track:1IHWl5LamUGEuP4ozKQSXZ","Bad Bunny","Tití Me Preguntó","Rimas Entertainment LLC",8,39,34,"143370"
44,"spotify:track:0JXXNGljqupsJaZsgSbMZV","Miguel","Sure Thing","Jive",20,40,9,"141838"
45,"spotify:track:5IgjP7X4th6nMNDh4akUHb","Chris Brown","Under The Influence","Chris Brown Entertainment/RCA Records",5,38,30,"135126"
46,"spotify:track:4fYte8ZvTK14NEhAOZocBi","OneRepublic","I Ain't Worried","Interscope Records",16,47,36,"133969"
47,"spotify:track:2m6ZDDrTvDQtKbwNFyI3r5","Luísa Sonza, Xamã","MAMA.CITA (hasta la vista)","Sony Music Entertainment",42,44,8,"133765"
48,"spotify:track:4ASA1PZyWGbuc4d9N8OAcF","Gustavo Mioto, Mari Fernandez","Eu Gosto Assim - Ao Vivo","Universal Music Ltda.",39,51,19,"132953"
49,"spotify:track:0dAZ5dCofHy6rquqU6YG29","Matias Damásio","Como Antes","Arca Velha Entretenimento, Lda.",11,43,38,"128481"
50,"spotify:track:5odlY52u43F5BjByhxg7wg","JVKE","golden hour","JVKE",34,45,18,"123028"
51,"spotify:track:2Vl7x4BkNhhJkEmQQMcV0V","Mc Jacaré","Toma Tapa","A Chave",46,46,9,"116910"
52,"spotify:track:5vC8UAOHeG95ehRzZChniB","L7NNON, DJ Biel do Furduncinho, Bianca","Ai Preto","Papatunes",1,52,35,"114666"
53,"spotify:track:561jH07mF1jHuk7KlaeF0s","Eminem","Mockingbird","Aftermath",20,53,18,"114381"
54,"spotify:track:5fjD0vHh9XRL6b657FWe9C","Plutonio","Por Enquanto","Bridgetown Records",20,56,33,"113190"
55,"spotify:track:1Hc0zt33FVHdi4DWtUAa0s","Plutonio","Alcatraz","Bridgetown Records",37,50,3,"112162"
56,"spotify:track:5XeFesFbtLpXzIVDNQP22n","Arctic Monkeys","I Wanna Be Yours","Domino Recording Co",30,57,41,"111644"
57,"spotify:track:5bBQI31u2eqXJE5OyP4hxq","Mizzy Miles, Deejay Telio, Teto, Gson","EUROPA (feat. Gson)","Make More Music",10,54,37,"110126"
58,"spotify:track:1xzi1Jcr7mEi9K2RfzLOqS","Beyoncé","CUFF IT","Parkwood Entertainment/Columbia",19,55,24,"109909"
59,"spotify:track:76OGwb5RA9h4FxQPT33ekc","Rosa Linn","SNAP","Columbia",25,59,31,"109263"
60,"spotify:track:6AQbmUe0Qwf5PZnt4HmTXv","PinkPantheress, Ice Spice","Boy's a liar Pt. 2","Warner Records",60,-1,1,"109147"
61,"spotify:track:53tfEupEzQRtVFOeZvk7xq","ROSALÍA","DESPECHÁ","Columbia",4,49,29,"107379"
62,"spotify:track:0i4UV3HjjvsUuV3BajEXoD","MC Tairon, Mc Vitin Da Igrejinha, Dj Win","Baile no Morro","Life Song Records",2,66,35,"104468"
63,"spotify:track:7qoIhutxU269Zqo9PG5IOj","Pineapple StormTv, Chris MC, Salve Malak, Tz da Coronel, MC Cabelinho, Chefin, L7NNON, Luísa Sonza, Oruam, Xamã, N.I.N.A","Poesia Acústica 13","Pineapple Storm",8,68,22,"102480"
64,"spotify:track:373gDROnujxNTFa1FojYIl","Linkin Park","Lost","Warner Records",64,-1,1,"101664"
65,"spotify:track:4ewazQLXFTDC8XvCbhvtXs","Joji","Glimpse of Us","88rising Music/Warner Records",4,64,36,"101032"
66,"spotify:track:0V3wPSX9ygBnCm8psDIegu","Taylor Swift","Anti-Hero","Taylor Swift",2,62,17,"100628"
67,"spotify:track:7MXVkk9YMctZqd1Srtv4MB","The Weeknd, Daft Punk","Starboy","Universal Republic Records",1,58,108,"99421"
68,"spotify:track:5geU4byUA1hnQofQPOsPDS","Orochi, MC Ryan SP, Oruam, Xamã, Neo Beats, Kizzy","Sereia","Mainstreet Records",28,65,16,"99310"
69,"spotify:track:3q3EBdrTrlF4PmJQTZ17ie","Calema, Zé Felipe","Onde Anda","Klasszik",5,71,46,"98589"
70,"spotify:track:4o6v3Oooyt7HF20idztRD4","Israel & Rodolffo, Ana Castela","Bombonzinho - Ao Vivo","Som Livre",70,96,14,"97890"
71,"spotify:track:78Sw5GDo6AlGwTwanjXbGh","d4vd","Here With Me","Darkroom/Interscope Records",66,75,12,"97406"
72,"spotify:track:3BnDvpeuGOj21Ir2aVEtQo","Rema","Calm Down","Mavin Records / Jonzing World",32,63,31,"96547"
73,"spotify:track:1ftBvRj542ol7LT1A0EtL7","Wet Bed Gang","Devia Ir","Wet Bed Gang",1,78,239,"96529"
74,"spotify:track:6G12ZafqofSq7YtrMqUm76","Shakira, Ozuna","Monotonía","Sony Music Latin",24,67,17,"94065"
75,"spotify:track:0AIA4KsMsyqur8FbTVhGNT","Luan Santana","SOLTEIROU - Ao Vivo","Sony Music Entertainment",73,77,4,"93748"
76,"spotify:track:3YQvZNmRc2y1hgdvustkce","MC Cabelinho, Ajaxx, Galdino","MINHA CURA","Bairro 13",76,105,4,"92427"
77,"spotify:track:5zNxUkUW9WiV5oyg6gh2wB","PEDRO SAMPAIO, Mc Pedrinho","DANÇARINA","WM Brazil",1,69,53,"91629"
78,"spotify:track:4PQdrXMDHDPl1RczrrlADd","Luan Santana","MORENA","Sony Music Entertainment",2,88,86,"90809"
79,"spotify:track:3emWP5AGvDHFAlHlCOPiqT","Mc Gabzin, DJ TAK VADIÃO, dj sv","O Poder Dessa Garota","Sony Music Entertainment",11,60,43,"89892"
80,"spotify:track:1h1JMmAzXR6lWJ7KnJQkU7","Gama WNTD","Borboletas","Gama",4,76,115,"89106"
81,"spotify:track:4UldILPVpnZO69ffK4B9aA","Dj LK da Escócia, Tchakabum, MC Ryan SP, mc jhenny, Mc RF","Tubarão Te Amo","Nas Nuvens Catalog",19,79,19,"89000"
82,"spotify:track:7AwVSKaQxpidrtYBerkHKk","Ana Castela, Melody, Dj Chris No Beat","Pipoco","Ana Castela",6,90,37,"87804"
83,"spotify:track:5Yt3AV2nXQdPqdknyLtJk0","MC Pipokinha, DJ Pablo RB, Noguera DJ, DJ FELYPINHO 013","Bota na Pipokinha (feat. DJ FELYPINHO 013)","Pear Music",83,125,2,"87595"
84,"spotify:track:2QjOHCTQ1Jl3zawyYOpxh6","The Neighbourhood","Sweater Weather","Columbia",31,84,126,"87064"
85,"spotify:track:0VjIjW4GlUZAMYd2vXMi3b","The Weeknd","Blinding Lights","Republic Records",1,74,168,"86647"
86,"spotify:track:3CpaYsotb6gvM1RGtksLlr","T-Rex","VOLTA","We The Gang",50,70,32,"85888"
87,"spotify:track:1cKHdTo9u0ZymJdPGSh6nq","The Weeknd, Gesaffelstein","I Was Never There","Universal Republic Records",22,72,34,"84768"
88,"spotify:track:54ipXppHLA8U4yqpOFTUhr","Imagine Dragons","Bones","Kid Ina Korner / Interscope",32,93,43,"84690"
89,"spotify:track:1t5NTprhov7ASNXLvzlkaG","T-Rex","SURVIVA","We The Gang",28,73,4,"84094"
90,"spotify:track:5PSkF3QpVMlAx8U5Inxj39","Mc Jacaré, Dj Tk","Vento Forte","A Chave",13,87,30,"83922"
91,"spotify:track:1JQ1ylL2JEjC6Ib7IJgOvS","Mc Don Juan, DJ Yuri Martins","Coração Amoleceu","WM Brazil",91,157,2,"83837"
92,"spotify:track:04vzhKfl5HtPEgrdZJCZ7L","Mc Paiva ZS, Kotim","Bagulho Louco","Love Funk",63,81,29,"83433"
93,"spotify:track:73vIOb4Q7YN6HeJTbscRx5","Oliver Tree, Robin Schulz","Miss You","Atlantic Records",35,91,19,"83145"
94,"spotify:track:0vjeOZ3Ft5jvAi9SBFJm1j","Metro Boomin, Future, Chris Brown","Superhero (Heroes & Villains) [with Future & Chris Brown]","Republic Records",28,106,11,"83023"
95,"spotify:track:1bDbXMyjaUIooNwFE9wn0N","Drake, 21 Savage","Rich Flex","OVO / Republic Records",4,82,15,"82056"
96,"spotify:track:6JIC3hbC28JZKZ8AlAqX8h","Elton John, Dua Lipa, PNAU","Cold Heart - PNAU Remix","EMI",12,99,77,"79767"
97,"spotify:track:4x5q5T5mhE1xvoCVXY6qrN","DJ AK BR, Dj Darge","Melodia Alucinógena","DJ AK BR",17,98,29,"79174"
98,"spotify:track:1Y3LN4zO1Edc2EluIoSPJN","Stephen Sanchez, Em Beihold","Until I Found You (with Em Beihold) - Em Beihold Version","Republic Records",46,110,10,"79148"
99,"spotify:track:0QHEIqNKsMoOY5urbzN48u","Meghan Trainor","Made You Look","Epic",41,103,16,"79089"
100,"spotify:track:57rx7d5tagl2wOWzj3eWJc","Ivandro","Moça","Mentalidade Free Music, Unipessoal, Lda",12,94,86,"78975"
101,"spotify:track:0dcHD9QhnWRA41zoLnC83X","MC Cabelinho, Dallass","X1","MC Cabelinho",89,111,23,"78840"
102,"spotify:track:5A35xC90Nk6tXmcOAOOavi","Luan Santana","ABALO EMOCIONAL - Ao Vivo","Sony Music Entertainment",19,107,54,"78215"
103,"spotify:track:09mEdoA6zrmBPgTEN5qXmN","The Weeknd","Call Out My Name","Universal Republic Records",2,83,69,"77376"
104,"spotify:track:3x3vUHznzPNEbXTJBUkhZb","T-Rex","Tinoni","Virgin Music Label And Artist Services (S&D)",19,109,75,"77172"
105,"spotify:track:061MgmYGGrfi1gip5JhlwS","T-Rex","NÃO É POSSÍVEL","We The Gang",29,86,4,"75804"
106,"spotify:track:6sCvvleqKbeyOkQDieBYgp","Rihanna","Lift Me Up - From Black Panther: Wakanda Forever - Music From and Inspired By","Roc Nation/Def Jam/Hollywood",15,158,15,"75650"
107,"spotify:track:4FyesJzVpA39hbYvcseO2d","Lil Uzi Vert","Just Wanna Rock","Generation Now/Atlantic",107,151,13,"75133"
108,"spotify:track:02MWAaffLxlfxAUY7c5dvx","Glass Animals","Heat Waves","Polydor Records",5,104,107,"74760"
109,"spotify:track:5x2NQmYWyqExdyyXjNIWh3","Domingues","Fica","sundayvibes",3,108,141,"74685"
110,"spotify:track:2DB4DdfCFMw1iaR6JaR03a","Camila Cabello, Ed Sheeran","Bam Bam (feat. Ed Sheeran)","Epic",7,113,50,"74470"
111,"spotify:track:1xK59OXxi2TAAAbmZK0kBL","d4vd","Romantic Homicide","Darkroom/Interscope Records",50,120,22,"74054"
112,"spotify:track:3LtpKP5abr2qqjunvjlX5i","Central Cee","Doja","Central Cee",11,100,30,"73562"
113,"spotify:track:2SiAcexM2p1yX6joESbehd","ROSALÍA","LLYLM","Columbia",56,61,3,"73434"
114,"spotify:track:2X5o4nRiocnoaaQ2wMwaeC","DJ Cayoo, DJ ESCOBAR, Nilo, MC Myres","Sorrisin De Puto","Tropa 7lc",114,150,3,"73421"
115,"spotify:track:6bTdZ7xfKp3NqqADJ8HLyj","Matuê, WIU, Teto","Vampiro","Sony Music Entertainment",6,116,46,"73153"
116,"spotify:track:5DoYLtsVnNMcrgpMdEPOsI","DJ Dozabri, DJ Arana, Silva Mc, MC Luiggi, Meno Saaint","É Só Um Lance Lero Lero","Barulho Das Favelas",23,118,13,"72697"
117,"spotify:track:4r1Mvqp7prTkjH5OiVXC6r","ProfJam","CABARET","Mário Cotrim",26,89,10,"71146"
118,"spotify:track:6UelLqGlWMcVH1E5c4H7lY","Harry Styles","Watermelon Sugar","Columbia",1,121,170,"71010"
119,"spotify:track:567e29TDzLwZwfDuEpGTwo","The Kid LAROI, Justin Bieber","STAY (with Justin Bieber)","Columbia",3,123,84,"71007"
120,"spotify:track:7zKqmAHGY8zm2UA4wT5ant","Veigh, Toledo, Supernova Ent, Bvga Beatz","Perdoa Por Tudo Vida","Supernova Entertainment",120,179,2,"70705"
121,"spotify:track:2hOFPpEOYj7sEUAjGeVnpx","Bárbara Tinoco, Bárbara Bandeira","Cidade","Bárbara Tinoco",100,134,66,"70640"
122,"spotify:track:5kr0kja5gbZAaT7w3TGKts","Calema","Te Amo","Klasszik",8,138,158,"69710"
123,"spotify:track:3AJwUDP919kvQ9QcozQPxg","Coldplay","Yellow","Parlophone UK",19,130,59,"69533"
124,"spotify:track:6Sq7ltF9Qa7SNFBsV5Cogx","Bad Bunny, Chencho Corleone","Me Porto Bonito","Rimas Entertainment LLC",64,124,38,"69449"
125,"spotify:track:3TrHSY24eH32TyCNScUvhV","Luan Santana","PERIGOSA - Ao Vivo","Sony Music Entertainment",60,142,14,"69403"
126,"spotify:track:5FVd6KXrgO9B3JPmC8OPst","Arctic Monkeys","Do I Wanna Know?","Domino Recording Co",45,133,230,"69054"
127,"spotify:track:0B7wvvmu9EISAwZnOpjhNI","Bruno Mars","When I Was Your Man","Atlantic Records",127,129,33,"68355"
128,"spotify:track:6UN73IYd0hZxLi8wFPMQij","Coi Leray","Players","Uptown / Republic Records",128,-1,1,"68047"
129,"spotify:track:5QO79kh1waicV47BqGRL3g","The Weeknd","Save Your Tears","Republic Records",5,102,111,"67818"
130,"spotify:track:1Nmcs8zk7LfcvHRgLtTM5J","Orochi, Papatinho","Amor de Fim de Noite","Mainstreet Records",122,140,39,"67785"
131,"spotify:track:5Iw3VimrUzaLtgEb9SU3Uq","T-Rex","MEMÓRIA","We The Gang",36,97,4,"67349"
132,"spotify:track:5SSMeDoUZyQxzIuRAUCSpg","T-Rex","DONDE","We The Gang",47,92,7,"67254"
133,"spotify:track:1qEmFfgcLObUfQm0j1W2CK","Harry Styles","Late Night Talking","Columbia",3,127,39,"67164"
134,"spotify:track:0NBgyml7T0IvUNbXIkcSpH","Xamã, Gustah, Neo Beats, Bagua Records","Malvadão 3","Bagua Records",1,132,61,"66969"
135,"spotify:track:3FkeNbs9Zeiqkr3WkbOiGp","Anitta","Envolver","Warner Records",2,119,57,"66888"
136,"spotify:track:11BKm0j4eYoCPPpCONAVwA","Lady Gaga","Bloody Mary","Interscope",72,139,11,"66833"
137,"spotify:track:5oO3drDxtziYU2H1X23ZIp","Rihanna","Love On The Brain","Roc Nation / Rihanna",38,-1,36,"66748"
138,"spotify:track:2Z8pPatBfVlRqNlsnmMdhV","Richie Campbell","Let You Go","Bridgetown Records",32,117,44,"66540"
139,"spotify:track:3gK5ckT0cq3t5enyqzzRgV","PEDRO SAMPAIO","GALOPA","WM Brazil",2,147,71,"66348"
140,"spotify:track:6VhuP99TE6gYNQRJIlAWFD","Stephen Sanchez","Until I Found You","Republic Records",32,154,35,"66233"
141,"spotify:track:5E5bUjVyM8KBtZPyi9smuX","Mc Daniel","Revoada","GMusic",95,95,7,"66196"
142,"spotify:track:7qD2vjd3btuOgwpQPEY7ci","Mc Don Juan, MC G15, Mc Davi","EU VOU COM CARINHO ELA QUER COM FORÇA","WM Brazil",4,135,40,"66157"
143,"spotify:track:7qaUeAyg0eYYhHDCx58GXa","Mc Gabzin","Simplesmente Ela","Sony Music Entertainment",3,114,48,"65516"
144,"spotify:track:1mea3bSkSGXuIRvnydlB5b","Coldplay","Viva La Vida","Parlophone UK",66,148,26,"65467"
145,"spotify:track:46IZ0fSY2mpAiktS3KOqds","Adele","Easy On Me","Columbia",1,126,70,"65318"
146,"spotify:track:0u2P5u6lvoDfwTYjAADbn4","Billie Eilish, Khalid","lovely (with Khalid)","Darkroom",13,137,250,"65205"
147,"spotify:track:3uUuGVFu1V7jTQL60S1r8z","Lost Frequencies, Calum Scott","Where Are You Now","Epic Amsterdam",17,156,72,"65067"
148,"spotify:track:4vWh6tEfcLzdvYWp2IlOJS","Luan Santana, Luísa Sonza","CORAÇÃO CIGANO - Ao Vivo","Sony Music Entertainment",17,152,27,"64952"
149,"spotify:track:2tsXCHNbktRlQxMUV7ql3d","Bispo, Ivandro","Essa Saia","Sony Music Entertainment",1,145,177,"64907"
150,"spotify:track:4k6Uh1HXdhtusDW5y8Gbvy","Steve Lacy","Bad Habit","L-M Records/RCA Records",58,115,31,"64862"
151,"spotify:track:58ge6dfP91o9oXMzq3XkIS","Arctic Monkeys","505","Domino/Warner Records",46,159,72,"63810"
152,"spotify:track:6BePGk3eCan4FqaW2X8Qy3","Tiësto, Tate McRae","10:35","Atlantic Records",149,153,5,"63767"
153,"spotify:track:0jAAnWNbcHf6X1EXOtvOT7","MC Kevin o Chris","Incendeia","MC Kevin o Chris",8,155,32,"63480"
154,"spotify:track:19gFXFDAFUdsuaiAorKEbr","FRANKIEONTHEGUITAR, T-Rex, LON3R JOHNY, Bispo","Tempo","FRANKIEONTHEGUITAR",4,144,145,"63308"
155,"spotify:track:3klZEB3gNmhKoOTqwVH92G","Slow J","Teu Eternamente","Sente Isto",4,172,138,"63217"
156,"spotify:track:1xs8bOvm3IzEYmcLJVOc34","Ayra Starr","Rush","Mavin Records",156,194,2,"62319"
157,"spotify:track:75fCsUnTiDelE4HMd06t4O","Mc Pepeu, DJ Swat","Gostosinho Tu Cai","Doug Filmes",5,177,43,"62067"
158,"spotify:track:0oZrvoCYEbKGCsU7cQqNnw","Yago Oproprio, Rô Rosa, Skeeter Beats","Imprevisto","Yago Oproprio",87,112,12,"61752"
159,"spotify:track:0VO8gYVDSwM1Qdd2GsMoYK","Swedish House Mafia, The Weeknd","Moth To A Flame (with The Weeknd)","Republic Records",13,143,68,"61424"
160,"spotify:track:1oFAF1hdPOickyHgbuRjyX","The Weeknd, Ariana Grande","Save Your Tears (Remix) (with Ariana Grande) - Bonus Track","XO / Republic Records",28,149,90,"61389"
161,"spotify:track:5ffDENIdtByAZxHpuuj9li","Veigh, Nick Nash, Wylo, Nagalli, Supernova Ent, Kaash Paige","Vida Chique","Supernova Entertainment",161,192,2,"61298"
162,"spotify:track:7fBv7CLKzipRk6EC6TWHOB","The Weeknd","The Hills","Universal Republic Records",77,128,23,"61088"
163,"spotify:track:3KYALkrEFKFnRAAhAvQcYE","MC MENOR HR, DJ Cayoo","O Neném Não É Neném","GUETTO RECORDS",153,161,4,"60892"
164,"spotify:track:4woTEX1wYOTGDqNXuavlRC","Eminem, Dina Rae","Superman","Aftermath",92,168,19,"60861"
165,"spotify:track:3xWGA8pa0IKFI7IMPri4P0","Ed Sheeran","Shivers","Atlantic Records UK",15,160,75,"60230"
166,"spotify:track:4sx6NRwL6Ol3V6m9exwGlQ","The Kid LAROI","Love Again","Columbia",101,101,3,"60155"
167,"spotify:track:35uZfu8sybuugk9DkelTFv","LEO2745","FAMA","Universal Music Portugal SA",129,184,6,"60134"
168,"spotify:track:7afaZ37wJJL6880z1NRgJS","Teto","Fim de Semana no Rio","Sony Music Entertainment",11,141,46,"59175"
169,"spotify:track:37M00uZSz6smSxZ7pHchuh","Papillon","Impec","Sente Isto",89,163,53,"59119"
170,"spotify:track:6ex1Pz3pntgy4NPtxHXN2V","Ed Sheeran","Bad Habits","Atlantic Records UK",11,175,86,"58991"
171,"spotify:track:7432vfk7lMjvBKYWwcu2Uh","T-Rex","PÉ NOVO","We The Gang",58,131,4,"58707"
172,"spotify:track:60a0Rd6pjrkxjPbaKzXjfq","Linkin Park","In the End","Warner Records",24,-1,27,"58442"
173,"spotify:track:4a0sqvCBo7aRIS4GzBQpnp","MC Braz, MC Tairon, Dj Win","Kikando e Me Olhando","Fun Mídia",6,169,45,"58373"
174,"spotify:track:4QQTPEwqE4Aq7LXSyIgSci","Mc Kitinho, Mc guizinho niazi, DJ DEIVÃO, Silva Mc","Primeiro Beck Ela Me Mamou","Ritmo dos Fluxos Records",52,180,23,"58323"
175,"spotify:track:5smr3wYPodiv8ogWy0DE6J","Treyce","Lovezinho","Wallace Kemps",175,-1,1,"58166"
176,"spotify:track:3i0FkJYlU4MFfYkjFHXXAM","Sam Smith, Calvin Harris, Jessie Reyez","I'm Not Here To Make Friends","EMI",85,136,3,"57508"
177,"spotify:track:7qEHsqek33rTcFNT9PFqLf","Lewis Capaldi","Someone You Loved","Vertigo Berlin",9,165,195,"57498"
178,"spotify:track:68Dni7IE4VyPkTOH9mRWHr","J. Cole","No Role Modelz","Roc Nation Records LLC",131,182,59,"56873"
179,"spotify:track:5TMLavqGRKNxgzMBrVpC9R","zzoilo, Aitana","Mon Amour - Remix","Universal Music Spain S.L.",6,173,58,"56840"
180,"spotify:track:2mnXxnrX5vCGolNkaFvVeM","Arcángel, Bad Bunny","La Jumpa","Rimas Entertainment LLC.",131,171,6,"56673"
181,"spotify:track:4FAKtPVycI4DxoOHC01YqD","Yandel, Feid","Yandel 150","La Leyenda LLC",181,-1,1,"56438"
182,"spotify:track:3yfqSUWxFvZELEM4PmlwIR","Eminem","The Real Slim Shady","Interscope",119,185,37,"56337"
183,"spotify:track:2SOeAhvJfh7HsGYPVtGG8H","DJ CIRILO DE CAXIAS, Kaeny Mc","Aqui Na Parma Tu Vem Pra Fuder","Gufo Records",78,174,17,"56299"
184,"spotify:track:4zN21mbAuaD0WqtmaTZZeP","James Hype, Miggy Dela Rosa","Ferrari","Universal-Island Records Ltd.",33,166,31,"56296"
185,"spotify:track:2dWbucCC3cVXQWi6JaL7js","FRANKIEONTHEGUITAR, Slow J, Ivandro","Imagina","FRANKIEONTHEGUITAR",10,176,103,"55854"
186,"spotify:track:2yPoXCs7BSIUrucMdK5PzV","Rihanna, JAY-Z","Umbrella","Def Jam Recordings",186,-1,1,"55826"
187,"spotify:track:2P9UCbKe97jD0q6UOG7bsf","Piruka","Beijo","808",68,189,10,"55756"
188,"spotify:track:086myS9r57YsLbJpU0TgK9","Arctic Monkeys","Why'd You Only Call Me When You're High?","Domino Recording Co",80,196,64,"55402"
189,"spotify:track:5gitknsNQkrsCwfIbWK8Kd","Vivi","PLAYGROUND","RAMP//A MUSIC",62,164,7,"55014"
190,"spotify:track:4GSmcAtzTz5sLn2VWX1Rda","Os Quatro e Meia","Olá Solidão","Sony Music Entertainment",147,183,25,"54763"
191,"spotify:track:1A9WJeLWd1Q5EiT0DTTc8k","T-Rex, DCOKY","TESTE","We The Gang",69,146,4,"54668"
192,"spotify:track:7j4OmvkjRz0PrjFADlHfQx","Adele","Set Fire to the Rain","XL Recordings",129,-1,3,"54651"
193,"spotify:track:0ll8uFnc0nANY35E0Lfxvg","Keane","Somewhere Only We Know","Interscope",126,193,18,"54539"
194,"spotify:track:2J2Z1SkXYghSajLibnQHOa","Sia","Unstoppable","Monkey Puzzle Records/RCA Records",167,186,7,"54114"
195,"spotify:track:6pQKUKBpwr6GhfhcFFFozo","MC Zaquin, MC Rick","Não Nasceu pra Namorar","Funk Explode Records",4,-1,79,"54093"
196,"spotify:track:3CIyK1V4JEJkg02E4EJnDl","Imagine Dragons, JID, Arcane, League of Legends","Enemy (with JID) - from the series Arcane League of Legends","Kid Ina Korner / Interscope",3,190,68,"54006"
197,"spotify:track:2KG3AM4Sfe11yEuzj79OKx","Julinho Ksd","Conclusão","Julinho KSD",9,197,50,"53932"
198,"spotify:track:1zv3WFUbZ5vPxFq9I2jAU1","Rihanna, Calvin Harris","We Found Love","Def Jam Recordings",198,-1,1,"53926"
199,"spotify:track:1bzRhnrWU1l1u4Bby9ZbfQ","AgroPlay, Ana Castela","Nosso Quadro","AgroPlay",199,-1,1,"53061"
200,"spotify:track:5uCax9HTNlzGybIStD3vDh","James Arthur","Say You Won't Let Go","Columbia",2,-1,137,"53001"
